2648.722766,2012-01-03
2648.4092,2012-01-04
2669.8298,2012-01-05
2674.2141,2012-01-06
2676.5602,2012-01-09
2702.5089,2012-01-10
2710.7924,2012-01-11
2724.7242,2012-01-12
2710.6937,2012-01-13
2728.1081,2012-01-17
2769.734,2012-01-18
2788.339,2012-01-19
2786.70727,2012-01-20
2784.1719,2012-01-23
2786.6249,2012-01-24
2818.2709,2012-01-25
2805.3136,2012-01-26
2816.5572,2012-01-27
2811.9143,2012-01-30
2813.8899,2012-01-31
2848.2768,2012-02-01
2859.639797,2012-02-02
2905.6798,2012-02-03
2901.9636,2012-02-06
2904.1166,2012-02-07
2915.83481,2012-02-08
2927.2486,2012-02-09
2903.8426,2012-02-10
2931.39,2012-02-13
2931.8632,2012-02-14
2915.7966,2012-02-15
2959.838,2012-02-16
2951.7909,2012-02-17
2948.5992,2012-02-21
2933.12907,2012-02-22
2956.9483,2012-02-23
2963.7218,2012-02-24
2966.1477,2012-02-27
2986.7439,2012-02-28
2966.874,2012-02-29
2988.9632,2012-03-01
2976.17129,2012-03-02
2950.4516,2012-03-05
2910.288,2012-03-06
2935.73403,2012-03-07
2970.4447,2012-03-08
2988.3421,2012-03-09
2983.6304,2012-03-12
3039.9332,2012-03-13
3040.7433,2012-03-14
3056.34668,2012-03-15
3055.3051,2012-03-16
3078.3148,2012-03-19
3074.1009,2012-03-20
3075.3229,2012-03-21
3063.37128,2012-03-22
3067.9156,2012-03-23
3122.6051,2012-03-26
3120.3204,2012-03-27
3104.9614,2012-03-28
3095.3978,2012-03-29
3091.5296,2012-03-30
3119.6875,2012-04-02
3113.5808,2012-04-03
3068.1082,2012-04-04
3080.53004,2012-04-05
3047.1204,2012-04-09
2991.1747,2012-04-10
3016.4135,2012-04-11
3055.5085,2012-04-12
3011.2771,2012-04-13
2988.4402,2012-04-16
3042.84959,2012-04-17
3031.46387,2012-04-18
3007.5619,2012-04-19
3000.4259,2012-04-20
2970.40291,2012-04-23
2961.6266,2012-04-24
3029.6242,2012-04-25
3050.56621,2012-04-26
3069.2214,2012-04-27
3046.343,2012-04-30
3050.4782,2012-05-01
3059.8373,2012-05-02
3024.3287,2012-05-03
2956.3158,2012-05-04
2957.78547,2012-05-07
2946.2281,2012-05-08
2934.6926,2012-05-09
2933.6576,2012-05-10
2933.8694,2012-05-11
2902.5453,2012-05-14
2893.7518,2012-05-15
2874.037,2012-05-16
2813.70109,2012-05-17
2778.827,2012-05-18
2847.2433,2012-05-21
2839.1196,2012-05-22
2850.1498,2012-05-23
2839.4129,2012-05-24
2837.5569,2012-05-25
2871.009,2012-05-29
2837.353,2012-05-30
2827.3115,2012-05-31
2747.439,2012-06-01
2760.036,2012-06-04
2778.1002,2012-06-05
2844.676,2012-06-06
2831.0468,2012-06-07
2858.4132,2012-06-08
2809.773,2012-06-11
2843.0644,2012-06-12
2818.6533,2012-06-13
2836.3252,2012-06-14
2872.8258,2012-06-15
2895.2995,2012-06-18
2929.7674,2012-06-19
2930.4816,2012-06-20
2859.0511,2012-06-21
2892.40914,2012-06-22
2836.1748,2012-06-25
2854.08398,2012-06-26
2875.3616,2012-06-27
2849.53359,2012-06-28
2935.0059,2012-06-29
2951.1939,2012-07-02
2976.0425,2012-07-03
2976.1692,2012-07-05
2937.3728,2012-07-06
2931.798,2012-07-09
2902.3516,2012-07-10
2887.9768,2012-07-11
2866.1579,2012-07-12
2908.50317,2012-07-13
2896.95855,2012-07-16
2910.02536,2012-07-17
2942.649,2012-07-18
2965.8933,2012-07-19
2925.2546,2012-07-20
2890.1664,2012-07-23
2862.9504,2012-07-24
2854.2481,2012-07-25
2893.28497,2012-07-26
2958.0617,2012-07-27
2945.849,2012-07-30
2939.557,2012-07-31
2920.1728,2012-08-01
2909.7494,2012-08-02
2967.897,2012-08-03
2989.9234,2012-08-06
3015.8903,2012-08-07
3011.2859,2012-08-08
3018.68123,2012-08-09
3020.8964,2012-08-10
3022.5605,2012-08-13
3017.0041,2012-08-14
3030.9471,2012-08-15
3062.3972,2012-08-16
3076.5797,2012-08-17
3076.17603,2012-08-20
3067.3036,2012-08-21
3073.6811,2012-08-22
3053.3764,2012-08-23
3069.8392,2012-08-24
3073.191,2012-08-27
3077.0997,2012-08-28
3081.2077,2012-08-29
3048.6723,2012-08-30
3066.9776,2012-08-31
3075.0176,2012-09-04
3069.2682,2012-09-05
3135.8441,2012-09-06
3136.3749,2012-09-07
3104.0078,2012-09-10
3104.5469,2012-09-11
3114.3468,2012-09-12
3155.7835,2012-09-13
3183.91982,2012-09-14
3178.6464,2012-09-17
3177.7892,2012-09-18
3182.6069,2012-09-19
3175.949,2012-09-20
3179.9454,2012-09-21
3160.765,2012-09-24
3117.69343,2012-09-25
3093.658,2012-09-26
3136.64801,2012-09-27
3116.24847,2012-09-28
3113.5172,2012-10-01
3120.0121,2012-10-02
3135.2589,2012-10-03
3149.4498,2012-10-04
3136.14918,2012-10-05
3112.3599,2012-10-08
3064.9896,2012-10-09
3051.8006,2012-10-10
3049.3811,2012-10-11
3044.12083,2012-10-12
3064.1422,2012-10-15
3101.1527,2012-10-16
3104.1431,2012-10-17
3072.8148,2012-10-18
3005.604,2012-10-19
3016.9664,2012-10-22
2990.4881,2012-10-23
2981.7397,2012-10-24
2986.0702,2012-10-25
2987.9026,2012-10-26
2977.19385,2012-10-31
3020.0269,2012-11-01
2982.0985,2012-11-02
2999.6211,2012-11-05
3011.8834,2012-11-06
2937.3368,2012-11-07
2895.60991,2012-11-08
2904.8734,2012-11-09
2904.249,2012-11-12
2883.8537,2012-11-13
2846.8427,2012-11-14
2836.92975,2012-11-15
2853.0903,2012-11-16
2916.091,2012-11-19
2916.654,2012-11-20
2926.5785,2012-11-21
2966.8372,2012-11-23
2976.8166,2012-11-26
2967.7701,2012-11-27
2991.79472,2012-11-28
3011.9836,2012-11-29
3010.225,2012-11-30
3002.2282,2012-12-03
2996.7367,2012-12-04
2973.6745,2012-12-05
2989.2586,2012-12-06
2978.0466,2012-12-07
2986.988,2012-12-10
3022.33,2012-12-11
3013.8468,2012-12-12
2992.208022,2012-12-13
2971.3718,2012-12-14
3010.6396,2012-12-17
3054.5693,2012-12-18
3044.3817,2012-12-19
3050.409,2012-12-20
3021.0088,2012-12-21
3012.58302,2012-12-24
2990.1191,2012-12-26
2985.938,2012-12-27
2960.3131,2012-12-28
3019.4802,2012-12-31
3112.30151,2013-01-02
3100.566,2013-01-03
3101.6138,2013-01-04
3098.825,2013-01-07
3091.76919,2013-01-08
3105.817808,2013-01-09
3121.7214,2013-01-10
3125.6268,2013-01-11
3117.53928,2013-01-14
3110.7619,2013-01-15
3117.5504,2013-01-16
3136.043039,2013-01-17
3134.6783,2013-01-18
3143.1685,2013-01-22
3153.68259,2013-01-23
3130.41141,2013-01-24
3149.7543,2013-01-25
3154.2605,2013-01-28
3153.62132,2013-01-29
3142.2787,2013-01-30
3142.098,2013-01-31
3179.07389,2013-02-01
3131.14442,2013-02-04
3171.5377,2013-02-05
3168.43604,2013-02-06
3165.1697,2013-02-07
3193.8982,2013-02-08
3192.0012,2013-02-11
3186.47,2013-02-12
3196.8342,2013-02-13
3198.6931,2013-02-14
3192.0238,2013-02-15
3213.5525,2013-02-19
3164.43939,2013-02-20
3131.4787,2013-02-21
3161.8638,2013-02-22
3116.2547,2013-02-25
3129.6014,2013-02-26
3162.2623,2013-02-27
3160.23913,2013-02-28
3169.73222,2013-03-01
3182.06164,2013-03-04
3224.09591,2013-03-05
3222.3668915,2013-03-06
3232.123,2013-03-07
3244.32608,2013-03-08
3252.8554,2013-03-11
3242.3298,2013-03-12
3245.15098,2013-03-13
3258.97795,2013-03-14
3249.0331,2013-03-15
3237.5638,2013-03-18
3229.0797,2013-03-19
3254.1735,2013-03-20
3222.5833,2013-03-21
3244.99008,2013-03-22
3235.2835,2013-03-25
3252.4641,2013-03-26
3256.4893,2013-03-27
3267.48435,2013-03-28
3239.2145,2013-04-01
3254.8933,2013-04-02
3218.6075,2013-04-03
3224.9699,2013-04-04
3203.8196,2013-04-05
3222.2866,2013-04-08
3237.87105,2013-04-09
3297.2206,2013-04-10
3300.202,2013-04-11
3294.9473,2013-04-12
3216.4525,2013-04-15
3264.6444,2013-04-16
3204.6433,2013-04-17
3166.3823,2013-04-18
3206.0271,2013-04-19
3233.56904,2013-04-22
3269.2923,2013-04-23
3269.6488,2013-04-24
3290.0253,2013-04-25
3279.2316,2013-04-26
3307.0247,2013-04-29
3328.8275,2013-04-30
3299.08869,2013-05-01
3340.6066,2013-05-02
3378.633335,2013-05-03
3392.9996,2013-05-06
3396.6734,2013-05-07
3413.2258,2013-05-08
3409.13849,2013-05-09
3436.55858,2013-05-10
3438.77845,2013-05-13
3462.6075,2013-05-14
3471.615,2013-05-15
3465.2296,2013-05-16
3498.9674,2013-05-17
3496.4194,2013-05-20
3502.0941,2013-05-21
3463.2675,2013-05-22
3459.381,2013-05-23
3459.1821,2013-05-24
3488.9119,2013-05-28
3467.5238,2013-05-29
3491.28448,2013-05-30
3455.8643,2013-05-31
3465.3934,2013-06-03
3445.2541,2013-06-04
3401.44401,2013-06-05
3424.08398,2013-06-06
3469.2132,2013-06-07
3473.7223,2013-06-10
3436.96169,2013-06-11
3400.4008,2013-06-12
3445.3907,2013-06-13
3423.5311,2013-06-14
3452.1521,2013-06-17
3482.1439,2013-06-18
3443.214,2013-06-19
3364.5774,2013-06-20
3357.2396,2013-06-21
3320.7938,2013-06-24
3347.8563,2013-06-25
3376.2121,2013-06-26
3401.8882,2013-06-27
3403.2046,2013-06-28
3434.4721,2013-07-01
3433.4007,2013-07-02
3443.6913,2013-07-03
3479.42047,2013-07-05
3484.79346,2013-07-08
3504.2373,2013-07-09
3520.7417,2013-07-10
3578.2978,2013-07-11
3600.0865,2013-07-12
3607.4946,2013-07-15
3598.5158,2013-07-16
3610.0168,2013-07-17
3611.2926,2013-07-18
3587.6169,2013-07-19
3600.3954,2013-07-22
3579.2656,2013-07-23
3579.5878,2013-07-24
3605.1619,2013-07-25
3613.1165,2013-07-26
3599.18502,2013-07-29
3616.49488,2013-07-30
3626.37674,2013-07-31
3675.722244,2013-08-01
3689.54959,2013-08-02
3692.97978,2013-08-05
3665.7723,2013-08-06
3653.9863,2013-08-07
3669.1533,2013-08-08
3660.11478,2013-08-09
3669.9182,2013-08-12
3684.4636,2013-08-13
3669.253,2013-08-14
3606.1649,2013-08-15
3602.7806,2013-08-16
3589.038,2013-08-19
3613.588,2013-08-20
3599.7441,2013-08-21
3638.7102,2013-08-22
3657.8317,2013-08-23
3657.5555,2013-08-26
3578.5442,2013-08-27
3593.3143,2013-08-28
3620.3003,2013-08-29
3589.9093,2013-08-30
3612.5811,2013-09-03
3649.04639,2013-09-04
3658.8174,2013-09-05
3659.9726,2013-09-06
3706.1697,2013-09-09
3729.0303,2013-09-10
3725.0375,2013-09-11
3715.91731,2013-09-12
3722.1524,2013-09-13
3717.8305,2013-09-16
3745.6945,2013-09-17
3783.65,2013-09-18
3789.4049,2013-09-19
3774.7597,2013-09-20
3765.3298,2013-09-23
3768.295569,2013-09-24
3761.1469,2013-09-25
3787.4715,2013-09-26
3781.63265,2013-09-27
3771.5275,2013-09-30
3818.0164,2013-10-01
3815.0521,2013-10-02
3774.3618,2013-10-03
3807.7669,2013-10-04
3770.3876,2013-10-07
3694.8248,2013-10-08
3677.7539,2013-10-09
3760.71098,2013-10-10
3791.913,2013-10-11
3815.2919,2013-10-14
3794.01377,2013-10-15
3839.4124,2013-10-16
3863.108,2013-10-17
3914.3083,2013-10-18
3920.0486,2013-10-21
3929.5398,2013-10-22
3907.1082,2013-10-23
3928.965,2013-10-24
3943.3313,2013-10-25
3940.1638,2013-10-28
3952.3356,2013-10-29
3930.5756,2013-10-30
3919.725,2013-10-31
3922.0116,2013-11-01
3936.6167,2013-11-04
3939.841,2013-11-05
3931.9824,2013-11-06
3857.3144,2013-11-07
3919.2621,2013-11-08
3919.7703,2013-11-11
3919.9458,2013-11-12
3965.5501,2013-11-13
3972.7533,2013-11-14
3985.9245,2013-11-15
3949.0629,2013-11-18
3931.5822,2013-11-19
3921.2385,2013-11-20
3969.153,2013-11-21
3991.6885,2013-11-22
3994.5401,2013-11-25
4017.7486,2013-11-26
4044.78,2013-11-27
4059.8464,2013-11-29
4045.2449,2013-12-02
4037.2083,2013-12-03
4038.0319,2013-12-04
4033.1128,2013-12-05
4062.4946,2013-12-06
4068.7427,2013-12-09
4060.5019,2013-12-10
4003.83706,2013-12-11
3998.4441,2013-12-12
4000.937,2013-12-13
4029.4891,2013-12-16
4023.6594,2013-12-17
4070.0465,2013-12-18
4058.1248,2013-12-19
4104.74188,2013-12-20
4148.9085,2013-12-23
4155.4301,2013-12-24
4167.1949,2013-12-26
4156.60594,2013-12-27
4154.2162,2013-12-30
4176.6045,2013-12-31
4143.0822,2014-01-02
4131.918,2014-01-03
4113.6817,2014-01-06
4153.175,2014-01-07
4165.5992,2014-01-08
4156.1707,2014-01-09
4174.628,2014-01-10
4113.2571,2014-01-13
4183.0643,2014-01-14
4214.91068,2014-01-15
4218.7053,2014-01-16
4197.57864,2014-01-17
4225.7412,2014-01-21
4242.96292,2014-01-22
4218.91237,2014-01-23
4128.19074,2014-01-24
4083.60772,2014-01-27
4097.93639,2014-01-28
4051.48025,2014-01-29
4123.15428,2014-01-30
4103.87707,2014-01-31
3996.92822,2014-02-03
4031.55943,2014-02-04
4011.55894,2014-02-05
4057.096,2014-02-06
4125.90468,2014-02-07
4148.17973,2014-02-10
4191.01522,2014-02-11
4201.3298,2014-02-12
4240.67273,2014-02-13
4243.99434,2014-02-14
4272.80425,2014-02-18
4237.93398,2014-02-19
4267.59358,2014-02-20
4263.41077,2014-02-21
4292.92736,2014-02-24
4287.60203,2014-02-25
4292.02743,2014-02-26
4318.95001,2014-02-27
4308.09491,2014-02-28
4277.32526,2014-03-03
4351.94556,2014-03-04
4357.99469,2014-03-05
4352.10198,2014-03-06
4336.24057,2014-03-07
4334.41648,2014-03-10
4307.20281,2014-03-11
4323.28675,2014-03-12
4260.42051,2014-03-13
4245.44247,2014-03-14
4279.93542,2014-03-17
4333.33686,2014-03-18
4307.56744,2014-03-19
4319.2962,2014-03-20
4276.8337,2014-03-21
4226.3719,2014-03-24
4234.2867,2014-03-25
4173.5333,2014-03-26
4151.21789,2014-03-27
4155.7827,2014-03-28
4198.94489,2014-03-31
4268.0285,2014-04-01
4276.4775,2014-04-02
4237.7882,2014-04-03
4127.7096,2014-04-04
4079.7575,2014-04-07
4113.0268,2014-04-08
4183.8643,2014-04-09
4054.0989,2014-04-10
3999.7457,2014-04-11
4022.7297,2014-04-14
4034.1214,2014-04-15
4086.2135,2014-04-16
4095.5311,2014-04-17
4121.5794,2014-04-21
4161.4127,2014-04-22
4126.94626,2014-04-23
4148.3342,2014-04-24
4075.5727,2014-04-25
4074.4273,2014-04-28
4103.592,2014-04-29
4114.5209,2014-04-30
4127.4396,2014-05-01
4123.9025,2014-05-02
4138.07006,2014-05-05
4080.788128,2014-05-06
4067.7035,2014-05-07
4051.4558,2014-05-08
4071.8375,2014-05-09
4143.84205,2014-05-12
4130.161,2014-05-13
4100.6348,2014-05-14
4069.297,2014-05-15
4090.6088,2014-05-16
4125.84164,2014-05-19
4096.92801,2014-05-20
4131.5886,2014-05-21
4154.3963,2014-05-22
4185.7605,2014-05-23
4237.0349,2014-05-27
4225.02936,2014-05-28
4247.9273,2014-05-29
4242.5888,2014-05-30
4237.1757,2014-06-02
4234.0616,2014-06-03
4251.6221,2014-06-04
4296.2174,2014-06-05
4321.3861,2014-06-06
4336.231,2014-06-09
4337.9893,2014-06-10
4331.9231,2014-06-11
4297.6225,2014-06-12
4310.6365,2014-06-13
4321.0942,2014-06-16
4337.22,2014-06-17
4362.8272,2014-06-18
4359.3134,2014-06-19
4368.0223,2014-06-20
4368.6582,2014-06-23
4350.3388,2014-06-24
4379.73317,2014-06-25
4379.0155,2014-06-26
4397.892,2014-06-27
4408.1339,2014-06-30
4458.7017,2014-07-01
4457.7756,2014-07-02
4485.9622,2014-07-03
4451.55742,2014-07-07
4391.49,2014-07-08
4419.0435,2014-07-09
4396.2046,2014-07-10
4415.4905,2014-07-11
4440.4132,2014-07-14
4416.371,2014-07-15
4425.9421,2014-07-16
4363.4168,2014-07-17
4432.1064,2014-07-18
4424.7545,2014-07-21
4456.0617,2014-07-22
4473.7254,2014-07-23
4472.1275,2014-07-24
4449.5587,2014-07-25
4444.9048,2014-07-28
4442.6848,2014-07-29
4462.8713,2014-07-30
4369.7328,2014-07-31
4352.5903,2014-08-01
4383.9338,2014-08-04
4352.871,2014-08-05
4355.0667,2014-08-06
4334.9732,2014-08-07
4370.89235,2014-08-08
4401.3096,2014-08-11
4389.21592,2014-08-12
4434.0752,2014-08-13
4453.0377,2014-08-14
4464.9481,2014-08-15
4508.3201,2014-08-18
4527.5075,2014-08-19
4526.4609,2014-08-20
4532.0656,2014-08-21
4538.5049,2014-08-22
4557.39643,2014-08-25
4570.6712,2014-08-26
4569.6356,2014-08-27
4557.6949,2014-08-28
4580.26054,2014-08-29
4598.1611,2014-09-02
4572.5281,2014-09-03
4562.33032,2014-09-04
4582.9301,2014-09-05
4592.30397,2014-09-08
4552.2926,2014-09-09
4586.5092,2014-09-10
4591.78054,2014-09-11
4567.556,2014-09-12
4518.9476,2014-09-15
4552.7947,2014-09-16
4562.2067,2014-09-17
4593.4314,2014-09-18
4579.782,2014-09-19
4527.6675,2014-09-22
4508.6559,2014-09-23
4555.2699,2014-09-24
4466.7848,2014-09-25
4512.2153,2014-09-26
4505.8594,2014-09-29
4493.3837,2014-09-30
4422.0722,2014-10-01
4430.1569,2014-10-02
4475.5844,2014-10-03
4454.8471,2014-10-06
4385.22957,2014-10-07
4468.6125,2014-10-08
4378.3495,2014-10-09
4276.2334,2014-10-10
4213.6455,2014-10-13
4227.1426,2014-10-14
4215.2853,2014-10-15
4217.4435,2014-10-16
4258.4722,2014-10-17
4316.09528,2014-10-20
4419.4975,2014-10-21
4382.86,2014-10-22
4452.789,2014-10-23
4483.7103,2014-10-24
4485.8993,2014-10-27
4564.2523,2014-10-28
4549.1846,2014-10-29
4566.1871,2014-10-30
4630.7801,2014-10-31
4638.94402,2014-11-03
4623.66719,2014-11-04
4620.73384,2014-11-05
4638.48007,2014-11-06
4632.52855,2014-11-07
4651.61682,2014-11-10
4660.55015,2014-11-11
4675.1149347,2014-11-12
4680.1104,2014-11-13
4688.5129,2014-11-14
4670.9651,2014-11-17
4702.4006,2014-11-18
4675.6731,2014-11-19
4701.827,2014-11-20
4712.9245,2014-11-21
4754.93776,2014-11-24
4758.2961,2014-11-25
4787.3565,2014-11-26
4791.6636,2014-11-28
4727.3901,2014-12-01
4755.856,2014-12-02
4774.503,2014-12-03
4769.4826,2014-12-04
4780.8001,2014-12-05
4740.7251,2014-12-08
4766.5082,2014-12-09
4684.07,2014-12-10
4708.2076,2014-12-11
4653.64402,2014-12-12
4605.109,2014-12-15
4547.784,2014-12-16
4644.27693,2014-12-17
4748.3671,2014-12-18
4765.3478,2014-12-19
4781.3985,2014-12-22
4765.4113,2014-12-23
4773.4596,2014-12-24
4806.861,2014-12-26
4806.924,2014-12-29
4777.4565,2014-12-30
4736.08,2014-12-31
4726.84748,2015-01-02
4652.6144,2015-01-05
4592.7049,2015-01-06
4650.4461,2015-01-07
4736.1727,2015-01-08
4704.0683,2015-01-09
4664.7214,2015-01-12
4661.5237,2015-01-13
4639.36349,2015-01-14
4570.7755,2015-01-15
4634.3503,2015-01-16
4654.84265,2015-01-20
4667.4282,2015-01-21
4750.43,2015-01-22
4757.92635,2015-01-23
4771.72672,2015-01-26
4681.4942,2015-01-27
4637.9979,2015-01-28
4683.4386,2015-01-29
4635.1966,2015-01-30
4676.6698,2015-02-02
4727.7417,2015-02-03
4716.7306,2015-02-04
4765.056,2015-02-05
4744.3818,2015-02-06
4726.023,2015-02-09
4787.686,2015-02-10
4801.14665,2015-02-11
4857.6157,2015-02-12
4893.8742,2015-02-13
4899.2331,2015-02-17
4906.3515,2015-02-18
4924.7308,2015-02-19
4955.93039,2015-02-20
4960.9688,2015-02-23
4968.1509,2015-02-24
4967.11396,2015-02-25
4987.8983,2015-02-26
4963.5827,2015-02-27
5008.09,2015-03-02
4979.9316,2015-03-03
4967.1156,2015-03-04
4982.81938,2015-03-05
4927.3294,2015-03-06
4942.4417,2015-03-09
4859.8389,2015-03-10
4849.9376,2015-03-11
4893.3331,2015-03-12
4871.7521,2015-03-13
4929.545728,2015-03-16
4937.4149,2015-03-17
4982.8698,2015-03-18
4992.3692,2015-03-19
5026.46518,2015-03-20
5010.9659,2015-03-23
4994.685206,2015-03-24
4876.5308,2015-03-25
4863.3229,2015-03-26
4891.2414,2015-03-27
4947.428,2015-03-30
4900.9245,2015-03-31
4880.2367,2015-04-01
4886.907454,2015-04-02
4917.3472,2015-04-06
4910.226,2015-04-07
4950.7852,2015-04-08
4974.591,2015-04-09
4995.9792,2015-04-10
4988.2144,2015-04-13
4977.3233,2015-04-14
5011.028,2015-04-15
5007.76789,2015-04-16
4931.768,2015-04-17
4994.628,2015-04-20
5014.101,2015-04-21
5035.15479,2015-04-22
5056.0213,2015-04-23
5092.11936,2015-04-24
5060.2707,2015-04-27
5055.42486,2015-04-28
5023.6218,2015-04-29
4941.3936,2015-04-30
5005.3481,2015-05-01
5016.9761,2015-05-04
4939.359,2015-05-05
4919.658,2015-05-06
4945.549,2015-05-07
5003.5566,2015-05-08
4993.5697,2015-05-11
4976.1778,2015-05-12
4981.68167,2015-05-13
5050.7819,2015-05-14
5048.2765,2015-05-15
5078.4187,2015-05-18
5070.0178,2015-05-19
5071.7247,2015-05-20
5090.7786,2015-05-21
5089.35793,2015-05-22
5032.7566,2015-05-26
5106.6031,2015-05-27
5098.0071,2015-05-28
5070.0682,2015-05-29
5082.9787,2015-06-01
5076.4775,2015-06-02
5099.2073,2015-06-03
5059.1123,2015-06-04
5068.4696,2015-06-05
5021.6651,2015-06-08
5013.819,2015-06-09
5076.6638,2015-06-10
5082.507,2015-06-11
5051.1211,2015-06-12
5029.9221,2015-06-15
5055.5323,2015-06-16
5064.89193,2015-06-17
5132.9916,2015-06-18
5116.9747,2015-06-19
5153.979,2015-06-22
5160.1379,2015-06-23
5122.3944,2015-06-24
5112.21785,2015-06-25
5080.48494,2015-06-26
4958.4881,2015-06-29
4986.835,2015-06-30
5013.1243,2015-07-01
5009.1695,2015-07-02
4991.94995,2015-07-06
4997.41768,2015-07-07
4909.78,2015-07-08
4922.375,2015-07-09
4997.7313,2015-07-10
5071.5098,2015-07-13
5104.8444,2015-07-14
5098.962,2015-07-15
5163.1682,2015-07-16
5210.095,2015-07-17
5218.885,2015-07-20
5208.1169,2015-07-21
5171.746,2015-07-22
5146.46425,2015-07-23
5088.6579,2015-07-24
5039.7865,2015-07-27
5089.2006,2015-07-28
5111.7083,2015-07-29
5128.7455,2015-07-30
5128.23276,2015-07-31
5115.4299,2015-08-03
5105.5962,2015-08-04
5139.9746,2015-08-05
5056.47789,2015-08-06
5043.5812,2015-08-07
5101.836,2015-08-10
5036.83469,2015-08-11
5044.341,2015-08-12
5033.5289,2015-08-13
5048.2154,2015-08-14
5091.692,2015-08-17
5059.3567,2015-08-18
5019.081,2015-08-19
4877.4412,2015-08-20
4706.0199,2015-08-21
4526.254,2015-08-24
4506.526,2015-08-25
4697.5102,2015-08-26
4812.7187,2015-08-27
4828.369,2015-08-28
4776.4943,2015-08-31
4636.1286,2015-09-01
4749.9504,2015-09-02
4733.51884,2015-09-03
4683.89135,2015-09-04
4811.9546,2015-09-08
4756.5174,2015-09-09
4796.2973,2015-09-10
4822.3461,2015-09-11
4805.73908,2015-09-14
4860.5616,2015-09-15
4889.25172,2015-09-16
4893.938,2015-09-17
4827.188,2015-09-18
4828.9913,2015-09-21
4756.7474,2015-09-22
4752.7501,2015-09-23
4734.4746,2015-09-24
4686.4862,2015-09-25
4543.952,2015-09-28
4517.3003,2015-09-29
4620.1371,2015-09-30
4627.0641,2015-10-01
4707.7665,2015-10-02
4781.2554,2015-10-05
4748.3765,2015-10-06
4791.1783,2015-10-07
4810.8377,2015-10-08
4830.4398,2015-10-09
4838.6361,2015-10-12
4796.6336,2015-10-13
4782.8056,2015-10-14
4870.0906,2015-10-15
4886.7185,2015-10-16
4905.4397,2015-10-19
4880.9835,2015-10-20
4840.084,2015-10-21
4920.066,2015-10-22
5031.83182,2015-10-23
5034.728,2015-10-26
5030.137,2015-10-27
5095.6449,2015-10-28
5074.2916,2015-10-29
5053.748,2015-10-30
5127.119,2015-11-02
5145.077,2015-11-03
5142.5145,2015-11-04
5127.758,2015-11-05
5147.1267,2015-11-06
5095.305,2015-11-09
5083.2413,2015-11-10
5067.03,2015-11-11
5005.0846,2015-11-12
4927.896,2015-11-13
4984.639,2015-11-16
4986.0562,2015-11-17
5075.1599,2015-11-18
5073.62326,2015-11-19
5104.926,2015-11-20
5102.5186,2015-11-23
5102.7887,2015-11-24
5116.152,2015-11-25
5127.4817,2015-11-27
5108.669,2015-11-30
5156.266,2015-12-01
5123.227,2015-12-02
5037.484,2015-12-03
5142.3011,2015-12-04
5101.807,2015-12-07
5098.2005,2015-12-08
5022.901,2015-12-09
5045.184,2015-12-10
4933.4637,2015-12-11
4952.2061,2015-12-14
4995.3298,2015-12-15
5071.094,2015-12-16
5002.50809,2015-12-17
4923.0433,2015-12-18
4968.8897,2015-12-21
5001.0873,2015-12-22
5045.929461,2015-12-23
5048.509,2015-12-24
5041.0303,2015-12-28
5107.912,2015-12-29
5065.8511,2015-12-30
5007.44913,2015-12-31
4903.0716,2016-01-04
4891.4471,2016-01-05
4835.729,2016-01-06
4689.4518,2016-01-07
4643.6092,2016-01-08
4638.0393,2016-01-11
4685.9276,2016-01-12
4526.042,2016-01-13
4614.9533,2016-01-14
4488.4624,2016-01-15
4476.973949,2016-01-19
4471.7069,2016-01-20
4472.0548,2016-01-21
4591.189,2016-01-22
4518.504,2016-01-25
4567.683,2016-01-26
4468.2,2016-01-27
4506.719,2016-01-28
4613.919,2016-01-29
4620.366,2016-02-01
4516.979,2016-02-02
4504.2053,2016-02-03
4509.571,2016-02-04
4363.0922,2016-02-05
4283.757,2016-02-08
4268.7159,2016-02-09
4283.612,2016-02-10
4266.8173,2016-02-11
4337.4723,2016-02-12
4435.9853,2016-02-16
4534.0656,2016-02-17
4487.5267,2016-02-18
4504.412,2016-02-19
4570.587,2016-02-22
4503.556,2016-02-23
4542.58698,2016-02-24
4582.1898,2016-02-25
4590.47037,2016-02-26
4557.9771,2016-02-29
4689.6505,2016-03-01
4703.402,2016-03-02
4707.439,2016-03-03
4716.9779,2016-03-04
4708.2439,2016-03-07
4648.865,2016-03-08
4674.389,2016-03-09
4662.127,2016-03-10
4748.4979,2016-03-11
4750.279,2016-03-14
4728.648466,2016-03-15
4763.9351,2016-03-16
4775.0356,2016-03-17
4795.6884,2016-03-18
4808.9003,2016-03-21
4821.694,2016-03-22
4768.9055,2016-03-23
4773.4516,2016-03-24
4766.7657,2016-03-28
4846.6103,2016-03-29
4869.3083,2016-03-30
4869.80181,2016-03-31
4914.5303,2016-04-01
4891.8389,2016-04-04
4843.9066,2016-04-05
4920.7473,2016-04-06
4848.37,2016-04-07
4850.654,2016-04-08
4833.4286,2016-04-11
4872.092,2016-04-12
4947.4043,2016-04-13
4945.8534,2016-04-14
4938.1806,2016-04-15
4959.97,2016-04-18
4940.29,2016-04-19
4948.09105,2016-04-20
4945.86099,2016-04-21
4906.2242,2016-04-22
4895.8045644,2016-04-25
4888.3149,2016-04-26
4863.1151,2016-04-27
4805.2995,2016-04-28
4775.4125,2016-04-29
4817.591649,2016-05-02
4763.1713,2016-05-03
4725.6466,2016-05-04
4717.0606,2016-05-05
4736.2034,2016-05-06
4750.2251,2016-05-09
4809.8767,2016-05-10
4760.66799,2016-05-11
4737.2969,2016-05-12
4717.6397,2016-05-13
4775.4202,2016-05-16
4715.7031,2016-05-17
4739.1041,2016-05-18
4712.53,2016-05-19
4769.5748,2016-05-20
4765.8234,2016-05-23
4861.0322,2016-05-24
4894.9061,2016-05-25
4901.7208,2016-05-26
4933.501,2016-05-27
4948.001647,2016-05-31
4952.2586,2016-06-01
4971.3389,2016-06-02
4942.5644,2016-06-03
4968.7232,2016-06-06
4961.7477,2016-06-07
4974.615692,2016-06-08
4958.5934,2016-06-09
4894.5116,2016-06-10
4848.3982,2016-06-13
4843.5202,2016-06-14
4834.9094,2016-06-15
4844.9101,2016-06-16
4800.365603,2016-06-17
4837.2525,2016-06-20
4843.73781,2016-06-21
4833.3327,2016-06-22
4909.9937,2016-06-23
4707.9835,2016-06-24
4594.3894,2016-06-27
4691.873,2016-06-28
4779.224,2016-06-29
4842.713,2016-06-30
4862.584,2016-07-01
4822.89149,2016-07-05
4859.134,2016-07-06
4876.772,2016-07-07
4956.72846,2016-07-08
4988.6027,2016-07-11
5022.789,2016-07-12
5005.7101,2016-07-13
5034.0513,2016-07-14
5029.6078,2016-07-15
5055.8163,2016-07-18
5036.3401,2016-07-19
5089.9384,2016-07-20
5073.85,2016-07-21
5100.1558,2016-07-22
5097.5786,2016-07-25
5110.057,2016-07-26
5139.7798,2016-07-27
5155.0183,2016-07-28
5162.1446,2016-07-29
5184.1956,2016-08-01
5137.7054,2016-08-02
5159.712,2016-08-03
5166.21627,2016-08-04
5221.0879,2016-08-05
5213.108,2016-08-08
5225.4569,2016-08-09
5204.5745,2016-08-10
5228.4209,2016-08-11
5232.9366,2016-08-12
5261.9921,2016-08-15
5227.1271,2016-08-16
5228.6131,2016-08-17
5240.1489,2016-08-18
5238.3364,2016-08-19
5244.6154,2016-08-22
5260.057,2016-08-23
5217.7346,2016-08-24
5212.22161,2016-08-25
5218.92,2016-08-26
5232.313,2016-08-29
5222.9642,2016-08-30
5213.1913,2016-08-31
5227.18,2016-09-01
5249.877,2016-09-02
5275.8977,2016-09-06
5283.9337,2016-09-07
5259.50679,2016-09-08
5125.8633,2016-09-09
5211.874,2016-09-12
5155.2735,2016-09-13
5173.736,2016-09-14
5249.7046,2016-09-15
5244.5372,2016-09-16
5235.0589,2016-09-19
5241.3418,2016-09-20
5295.14052,2016-09-21
5339.5551,2016-09-22
5305.7655,2016-09-23
5257.4903,2016-09-26
5305.70184,2016-09-27
5318.53857,2016-09-28
5269.13883,2016-09-29
5311.99645,2016-09-30
5300.87857,2016-10-03
5289.68484,2016-10-04
5316.0695,2016-10-05
5306.825305,2016-10-06
5292.4089,2016-10-07
5328.71752,2016-10-10
5246.7804,2016-10-11
5239.0608,2016-10-12
5213.3253,2016-10-13
5214.1162,2016-10-14
5199.8415,2016-10-17
5243.82983,2016-10-18
5246.37747,2016-10-19
5241.8782,2016-10-20
5257.4337,2016-10-21
5309.8562,2016-10-24
5283.4219,2016-10-25
5250.294,2016-10-26
5216.005,2016-10-27
5190.1459,2016-10-28
5189.09,2016-10-31
5153.5661,2016-11-01
5105.5873,2016-11-02
5058.3634,2016-11-03
5046.3558,2016-11-04
5166.20671,2016-11-07
5193.4715,2016-11-08
5251.1089,2016-11-09
5208.8034,2016-11-10
5237.0825,2016-11-11
5218.4399,2016-11-14
5275.6328,2016-11-15
5294.5774,2016-11-16
5333.9588,2016-11-17
5321.485,2016-11-18
5368.8432,2016-11-21
5386.3328,2016-11-22
5380.67706,2016-11-23
5380.6854,2016-11-25
5398.9416,2016-11-28
5368.7593,2016-11-29
5379.89677,2016-11-30
5323.69973,2016-12-01
5251.0688,2016-12-02
5255.654,2016-12-05
5308.8411,2016-12-06
5333.0096,2016-12-07
5393.732,2016-12-08
5417.4002,2016-12-09
5444.51757,2016-12-12
5412.5355,2016-12-13
5463.804,2016-12-14
5436.638,2016-12-15
5456.8079,2016-12-16
5437.1253,2016-12-19
5457.40682,2016-12-20
5483.9166,2016-12-21
5471.4244,2016-12-22
5447.43051,2016-12-23
5462.73175,2016-12-26
